"POLLYRAMOS",

GDPR Compliance Notice: Personal information of EU residents are no longer included. Visit https://builtwith.com/compliance for options and more information.

Name|Title|Email|Domain|Location on Site|Tech Spend USD|Company|VGruntfile.jsertical|Quantcast|Alexa|Majestic|Umbrella|Telephones|Emails|Twitter|Facebook|LinkedIn|Google|Pinterest|GitHub|Instagram|Vk|Vimeo|Youtube|TikTok|People,City|State,Zip|Country|First Detected|Last Found|First Indexed|Last Indexed|Exclusion|GDPR

"","","","1000days.ph","1000days.ph","$100","","","Outside Top 1m","Outside Top 1m","Outside Top 1m","Outside Top 1m","","","","","","","","","","","","","","","","","","","2019-12-02","2020-05-20","2019-12-02","2020-05-20","-","-"
"","","","10sister.ph","10sister.ph","$50","","Business And Industrial","Outside Top 1m","Outside Top 1m","Outside Top 1m","Outside Top 1m","ph:","","","","","","","","https://instagram.com/10sister.ph.official","","","","","","","","","","2019-09-10","2020-05-20","2019-09-02","2020-05-20","-","-"
"","","","1more.ph","1more.ph","$50","","","Outside Top 1m","Outside Top 1m","Outside Top 1m","Outside Top 1m","","","","","","","","","","","","","","","","","","","2019-06-02","2020-04-18","2019-05-02","2020-05-20","-","-"
"","","","1stopshop.ph","1stopshop.ph","$50","","Style And Fashion","Outside Top 1m","392988","Outside Top 1m","Outside Top 1m","ph:","contact@1stopshop.ph","","https://facebook.com/1stopshop-112776590180280","","","","","https://instagram.com/1stopshop_ph","","","","","","","","","","2019-11-22","2020-06-12","2016-03-20","2020-06-12","-","-"
"","","","20plus.com.ph","20plus.com.ph","$50","","Food And Drink","Outside Top 1m","Outside Top 1m","Outside Top 1m","Outside Top 1m","ph:","","","https://facebook.com/20plusfruggiesdrink","","","","","https://instagram.com/20plusfruveggiesdrink","","","","","","","","","","2020-01-02","2020-05-20","2020-01-02","2020-05-20","-","-"
"","","","babiators.ph","babiators.ph","$50","","Family And Parenting","Outside Top 1m","Outside Top 1m","Outside Top 1m","Outside Top 1m","ph:","","https://twitter.com/babiatorsph","","","","","","https://instagram.com/babiatorsph","","","","","","","","","","2017-11-19","2020-05-24","2017-11-19","2020-05-24","-","-"
"","","","babybananabrush.ph","babybananabrush.ph","$50","","","Outside Top 1m","Outside Top 1m","Outside Top 1m","Outside Top 1m","","","","","","","","","","","","","","","","","","","2020-03-03","2020-05-24","2019-10-02","2020-05-24","-","-"
"","","","babycare.com.ph","babycare.com.ph","$50","","","Outside Top 1m","Outside Top 1m","Outside Top 1m","Outside Top 1m","","","","","","","","","","","","","","","","","","","2018-07-12","2020-05-24","2017-11-19","2020-05-24","-","-"
"","","","babycorner.ph","babycorner.ph","$50","","Family And Parenting","Outside Top 1m","Outside Top 1m","Outside Top 1m","Outside Top 1m","ph:","ainfo@babycorner.ph;asales@babycorner.ph;info@babycorner.ph;sales@babycorner.ph","","https://facebook.com/babycorner.phil","","","","","https://instagram.com/babycorner.ph","","","","","","","","","","2019-07-02","2020-05-24","2019-07-02","2020-05-24","-","-"
"","","","babycuddle.ph","babycuddle.ph","$250","","Family And Parenting","Outside Top 1m","Outside Top 1m","Outside Top 1m","Outside Top 1m","ph:","inquiry@babycuddle.ph","","https://facebook.com/babycuddleph","","","","","https://instagram.com/babycuddle.ph","","","","","","","","","","2017-02-28","2020-05-24","2017-02-28","2020-05-24","-","-"
"","","","babyhub.com.ph","babyhub.com.ph","$50","","Family And Parenting","Outside Top 1m","Outside Top 1m","Outside Top 1m","Outside Top 1m","ph:","","","https://facebook.com/babyhubphilippines","","","","","https://instagram.com/babyhubph","","","","","","","","","","2018-05-31","2020-05-24","2017-11-19","2020-05-24","-","-"
"","","","babyjane.ph","babyjane.ph","$50","","","Outside Top 1m","Outside Top 1m","Outside Top 1m","Outside Top 1m","","","","","","","","","","","","","","","","","","","2020-06-02","2020-06-02","2020-06-02","2020-06-02","-","-"
"","","","babyktan.com.ph","babyktan.com.ph","$50","","Family And Parenting","Outside Top 1m","Outside Top 1m","Outside Top 1m","Outside Top 1m","ph:","","","","","","","","","","","","","","","","","","2017-11-19","2020-05-24","2017-11-19","2020-05-24","-","-"
"","","","babyleaf.com.ph","babyleaf.com.ph","$250","","","Outside Top 1m","Outside Top 1m","Outside Top 1m","Outside Top 1m","","","","","","","","","","","","","","","","","","","2016-11-22","2020-05-24","2016-03-20","2020-05-24","-","-"
"","","","babymart.ph","babymart.ph","$500","","","Outside Top 1m","Outside Top 1m","Outside Top 1m","Outside Top 1m","","","","","","","","","","","","","","","","","","","2020-05-24","2020-05-24","2020-05-02","2020-05-24","-","-"
"","","","babyplus.ph","babyplus.ph","$50","","Family And Parenting","Outside Top 1m","Outside Top 1m","Outside Top 1m","Outside Top 1m","ph:","hello@babyplus.ph","","https://facebook.com/babyplusph","","","https://pinterest.com/babyplusph","","https://instagram.com/babyplusph","","","","","","","","","","2018-01-02","2020-05-04","2018-01-02","2020-05-04","-","-"
"","","","baghabit.ph","baghabit.ph","$50","","","Outside Top 1m","Outside Top 1m","Outside Top 1m","Outside Top 1m","","","","","","","","","","","","","","","","","","","2019-07-02","2020-04-14","2019-07-02","2020-05-24","-","-"
"","","","bagsakpresyo.ph","bagsakpresyo.ph","$50","","","Outside Top 1m","Outside Top 1m","Outside Top 1m","Outside Top 1m","","","","","","","","","","","","","","","","","","","2019-11-25","2020-04-14","2019-08-02","2020-05-24","-","-"
"","","","bagsofgreen.ph","bagsofgreen.ph","$50","","","Outside Top 1m","Outside Top 1m","Outside Top 1m","Outside Top 1m","","","","","","","","","","","","","","","","","","","2020-05-02","2020-05-24","2020-05-02","2020-05-24","-","-"
"","","","bagsondemand.ph","bagsondemand.ph","$100","","Technology And Computing","Outside Top 1m","Outside Top 1m","Outside Top 1m","Outside Top 1m","ph:","","","https://facebook.com/bagsondemandph","","","","","https://instagram.com/bagsondemand","","","","","","","","","","2018-03-20","2020-05-24","2018-03-20","2020-05-24","-","-"
"","","","bagwam.ph","bagwam.ph","$50","","","Outside Top 1m","Outside Top 1m","Outside Top 1m","Outside Top 1m","","","","","","","","","","","","","","","","","","","2019-05-02","2020-04-14","2019-05-02","2020-05-24","-","-"
"","","","bagz.ph","bagz.ph","$100","","Shopping","Outside Top 1m","Outside Top 1m","Outside Top 1m","Outside Top 1m","ph:","support@bagz.ph","","https://facebook.com/bagz.ph","","","","","","","","","","","","","","","2020-01-02","2020-05-24","2020-01-02","2020-05-24","-","-"
"","","","baianihan.com","baianihan.com","$50","","","Outside Top 1m","Outside Top 1m","Outside Top 1m","Outside Top 1m","","","","","","","","","","","","","","N/A - Other - noemail","","","","","2018-04-02","2020-04-14","2015-06-15","2020-05-24","-","-"
"","","","bairan.ph","bairan.ph","$100","","","Outside Top 1m","Outside Top 1m","Outside Top 1m","Outside Top 1m","","","","","","","","","","","","","","","","","","","2020-02-25","2020-05-24","2020-01-02","2020-05-24","-","-"
"","","","bakemyday.ph","bakemyday.ph","$50","","","Outside Top 1m","Outside Top 1m","Outside Top 1m","Outside Top 1m","","","","","","","","","","","","","","","","","","","2020-04-14","2020-04-14","2018-11-02","2020-05-24","-","-"
"","","","bananarama.ph","bananarama.ph","$50","","","Outside Top 1m","Outside Top 1m","Outside Top 1m","Outside Top 1m","","","","","","","","","","","","","","","","","","","2020-05-04","2020-05-24","2018-10-02","2020-05-24","-","-"
"","","","banawe.ph","banawe.ph","$50","","","Outside Top 1m","Outside Top 1m","Outside Top 1m","Outside Top 1m","","","","","","","","","","","","","","","","","","","2019-06-07","2020-04-14","2019-01-31","2020-05-24","-","-"
"","","","banilaco.ph","banilaco.ph","$500","Banila Co","Travel","Outside Top 1m","320975","Outside Top 1m","Outside Top 1m","ph:","","","https://facebook.com/banilacophilippines","","","","","https://instagram.com/banilacoph","","","","","","","","","","2017-11-19","2020-05-24","2017-11-19","2020-05-24","-","-"
"","","","barcino.com.ph","barcino.com.ph","$100","","","Outside Top 1m","Outside Top 1m","Outside Top 1m","Outside Top 1m","","","","","","","","","","","","","","","","","","","2020-05-04","2020-05-24","2014-01-11","2020-05-24","-","-"
"","","","barefootshoes.ph","barefootshoes.ph","$50","","","Outside Top 1m","Outside Top 1m","Outside Top 1m","Outside Top 1m","","","","","","","","","","","","","","","","","","","2020-02-02","2020-05-24","2020-02-02","2020-05-24","-","-"
"","","","basically.ph","basically.ph/*","$50","","","Outside Top 1m","Outside Top 1m","Outside Top 1m","Outside Top 1m","","","","","","","","","","","","","","","","","","","2020-06-02","2020-06-02","2020-06-02","2020-06-02","-","-"
"","","","bayard.ph","bayard.ph","$250","Bayard Group","Art And Entertainment","Outside Top 1m","Outside Top 1m","Outside Top 1m","Outside Top 1m","ph:+1-917-632-6494","","","","","","","","","","","","","","","","","","2019-01-31","2020-05-25","2017-10-04","2020-05-25","-","-"
"","","","bazaar.com.ph","bazaar.com.ph/*","$50","","","Outside Top 1m","Outside Top 1m","Outside Top 1m","Outside Top 1m","","","","","","","","","","","","","","","","","","","2020-06-02","2020-06-02","2020-06-02","2020-06-02","-","-"
"","","","bbaccess.ph","bbaccess.ph","$100","","Business And Industrial","Outside Top 1m","Outside Top 1m","Outside Top 1m","Outside Top 1m","ph:","","","https://facebook.com/bbaccess","","","","","https://instagram.com/bbaccess_shoppe","","","","","","","","","","2019-05-02","2020-05-25","2019-05-02","2020-05-25","-","-"
"","","","bcdelivery.com.ph","bcdelivery.com.ph","$50","","","Outside Top 1m","Outside Top 1m","Outside Top 1m","Outside Top 1m","","","","","","","","","","","","","","","","","","","2020-06-02","2020-06-02","2020-06-02","2020-06-02","-","-"
"","","","bcojewelry.ph","bcojewelry.ph","$1000","","Style And Fashion","Outside Top 1m","Outside Top 1m","Outside Top 1m","Outside Top 1m","ph:","","","https://facebook.com/bcojewelry","","","","","","","","","","","","","","","2019-01-12","2020-05-25","2019-01-12","2020-05-25","-","-"
"","","","bcw.ph","bcw.ph","$50","","","Outside Top 1m","Outside Top 1m","Outside Top 1m","Outside Top 1m","","","","","","","","","","","","","","","","","","","2019-12-02","2020-05-25","2019-12-02","2020-05-25","-","-"
"","","","beaba.ph","beaba.ph","$250","","Food And Drink","Outside Top 1m","Outside Top 1m","Outside Top 1m","Outside Top 1m","ph:","hello@beaba.ph","","https://facebook.com/beaba.ph","","","","","https://instagram.com/beaba.ph","","","","","","","","","","2018-11-29","2020-05-25","2018-09-02","2020-05-25","-","-"
"","","","beautiful.com.ph","beautiful.com.ph","$50","","Business And Industrial","Outside Top 1m","Outside Top 1m","Outside Top 1m","Outside Top 1m","ph:","","","","","","","","","","","","","","","","","","2018-08-05","2020-04-14","2018-08-05","2020-05-25","-","-"
"","","","beautique.ph","beautique.ph","$100","","Style And Fashion","Outside Top 1m","Outside Top 1m","Outside Top 1m","Outside Top 1m","ph:","","","","","","","","","","","","","","","","","","2020-05-25","2020-05-25","2016-11-22","2020-05-25","-","-"
"","","","beautybar.com.ph","beautybar.com.ph","$500","","Style And Fashion","Outside Top 1m","Outside Top 1m","Outside Top 1m","Outside Top 1m","ph:","customercare@beautybar.com.ph;custserve@beautybar.com.ph;custserv@beautybar.com.ph","https://twitter.com/beautybarph","https://facebook.com/beautybarph","","","https://pinterest.com/beautybarph","","https://instagram.com/beautybarph","","","","","","","","","","2019-11-13","2020-06-12","2012-02-04","2020-06-12","-","-"
"","","","beautypick.com.ph","beautypick.com.ph","$250","","Style And Fashion","Outside Top 1m","Outside Top 1m","Outside Top 1m","Outside Top 1m","ph:","","","https://facebook.com/beautypick-211969923023495","","","","","","","","","","","","","","","2019-01-02","2020-05-25","2019-01-02","2020-05-25","-","-"
"","","","bebecoco.ph","bebecoco.ph","$50","","","Outside Top 1m","Outside Top 1m","Outside Top 1m","Outside Top 1m","","","","","","","","","","","","","","","","","","","2019-08-25","2020-04-14","2019-08-25","2020-05-25","-","-"
"","","","become.com.ph","checkout.become.com.ph","$1000","","Technology And Computing","Outside Top 1m","Outside Top 1m","Outside Top 1m","Outside Top 1m","ph:","hello@become.com.ph","","https://facebook.com/become.my","","","","","https://instagram.com/become_asia","","","","","","","","","","2020-02-02","2020-05-25","2019-12-02","2020-05-25","-","-"
"","","","bellybandit.com.ph","bellybandit.com.ph","$50","","Art And Entertainment","Outside Top 1m","Outside Top 1m","Outside Top 1m","Outside Top 1m","ph:","","","https://facebook.com/bellybanditph","","","","","","","","","","","","","","","2018-05-02","2020-05-26","2018-05-02","2020-05-26","-","-"
"","","","benedictokitchen.ph","benedictokitchen.ph","$50","","","Outside Top 1m","Outside Top 1m","Outside Top 1m","Outside Top 1m","","","","","","","","","","","","","","","","","","","2019-11-02","2020-05-25","2019-11-02","2020-05-25","-","-"
"","","","benguetfarms.ph","benguetfarms.ph","$50","","","Outside Top 1m","Outside Top 1m","Outside Top 1m","Outside Top 1m","","","","","","","","","","","","","","","","","","","2020-06-02","2020-06-02","2020-06-02","2020-06-02","-","-"
"","","","berca.com.ph","berca.com.ph/*","$50","","","Outside Top 1m","Outside Top 1m","Outside Top 1m","Outside Top 1m","","","","","","","","","","","","","","","","","","","2020-06-17","2020-06-17","2020-06-17","2020-06-17","-","-"
"","","","booksforless.ph","booksforless.ph","$50","","Art And Entertainment","383609","Outside Top 1m","Outside Top 1m","Outside Top 1m","ph:","info@booksforless.ph","","https://facebook.com/bflbookstore","","","","","https://instagram.com/booksforless_bookstores","","","","","","","","","","2019-01-17","2020-06-21","2012-03-03","2020-06-21","-","-"
"","","","complink.com.ph","complink.com.ph","$500","Complink Marketing Inc","Technology And Computing","286870","503501","Outside Top 1m","Outside Top 1m","ph:","webmaster@complink.com.ph","https://twitter.com/complinkph","https://facebook.com/complinkstore","","","","","https://instagram.com/complinkph","","","","","","","","","","2019-02-25","2020-05-28","2013-05-21","2020-06-02","-","-"
